<?xml version="1.0" encoding="UTF-8"?>
<root>
  <item name="com.arlib.floatingsearchview.FloatingSearchView ATTRS_SEARCH_BAR_LEFT_ACTION_MODE_DEFAULT">
    <annotation name="android.support.annotation.IntDef">
      <val name="value" val="{com.arlib.floatingsearchview.FloatingSearchView.LEFT_ACTION_MODE_SHOW_HAMBURGER_ENUM_VAL, com.arlib.floatingsearchview.FloatingSearchView.LEFT_ACTION_MODE_SHOW_SEARCH_ENUM_VAL, com.arlib.floatingsearchview.FloatingSearchView.LEFT_ACTION_MODE_SHOW_HOME_ENUM_VAL, com.arlib.floatingsearchview.FloatingSearchView.LEFT_ACTION_MODE_NO_LEFT_ACTION_ENUM_VAL}" />
    </annotation>
  </item>
  <item name="com.arlib.floatingsearchview.FloatingSearchView mLeftActionMode">
    <annotation name="android.support.annotation.IntDef">
      <val name="value" val="{com.arlib.floatingsearchview.FloatingSearchView.LEFT_ACTION_MODE_SHOW_HAMBURGER_ENUM_VAL, com.arlib.floatingsearchview.FloatingSearchView.LEFT_ACTION_MODE_SHOW_SEARCH_ENUM_VAL, com.arlib.floatingsearchview.FloatingSearchView.LEFT_ACTION_MODE_SHOW_HOME_ENUM_VAL, com.arlib.floatingsearchview.FloatingSearchView.LEFT_ACTION_MODE_NO_LEFT_ACTION_ENUM_VAL}" />
    </annotation>
  </item>
</root>

